EdgeID,From,To,Distance_km,SpeedLimit_kmh,TravelTime_min,Congestion_percent,RoadType
E001,N050,N049,8.5,70,11.0,33.8,A1
E002,N049,N048,7.0,70,8.5,29.4,A1
E003,N048,N009,3.5,70,5.5,45.5,A1
E004,N009,N008,5.5,70,9.0,47.6,A1
E005,N008,N007,4.0,70,6.0,42.9,A1
E006,N007,N006,5.0,70,8.0,46.4,A1
E007,N006,N042,1.8,50,3.0,28.0,A1
E008,N042,N043,2.0,50,4.0,40.0,A1
E009,N043,N004,3.5,70,8.0,62.5,A1
E010,N004,N005,2.0,50,4.0,40.0,A1
E011,N005,N003,2.5,70,5.0,57.1,A1
E012,N003,N041,5.5,70,9.0,47.6,A1
E013,N041,N002,3.0,70,5.0,48.6,A1
E014,N002,N001,2.5,70,5.0,57.1,A1
E015,N001,N010,4.5,70,8.0,51.8,A1
E016,N010,N011,2.5,70,5.0,57.1,A1
E017,N011,N085,2.5,70,5.0,57.1,A1
E018,N085,N012,1.5,50,3.5,48.6,A1
E019,N012,N013,4.0,70,8.0,57.1,A1
E020,N013,N014,2.5,70,5.0,57.1,A1
E021,N014,N015,3.5,70,7.0,57.1,A1
E022,N015,N059,6.0,70,14.0,63.3,A1
E023,N048,N047,12.0,70,15.0,31.4,A1
E024,N047,N046,9.5,70,14.0,41.8,A1
E025,N046,N016,12.5,70,20.0,46.4,B Road
E026,N016,N018,7.5,70,13.0,50.5,B Road
E027,N018,N001,7.0,70,12.0,50.0,B Road
E028,N016,N017,3.5,70,7.0,57.1,B Road
E029,N017,N003,6.5,70,12.0,53.6,B Road
E030,N004,N027,7.0,70,15.0,60.0,B Road
E031,N027,N057,9.5,70,18.0,54.8,B Road
E032,N057,N028,10.5,70,20.0,55.0,B Road
E033,N057,N058,4.5,70,10.0,61.4,B Road
E034,N057,N053,14.5,70,24.0,48.2,B Road
E035,N053,N052,2.5,70,5.0,57.1,B Road
E036,N053,N054,6.0,70,11.0,53.2,B Road
E037,N054,N055,8.5,70,15.0,51.4,B Road
E038,N055,N056,14.5,70,30.0,58.6,B Road
E039,N052,N083,8.0,70,14.0,51.0,B Road
E040,N083,N084,3.0,70,7.0,63.3,A4 Highway
E041,N027,N079,15.0,70,28.0,54.1,Local Road
E042,N079,N053,12.5,70,22.0,51.3,Local Road
E043,N079,N054,14.0,70,25.0,52.0,Local Road
E044,N007,N030,3.5,70,7.0,57.1,B Road
E045,N030,N080,11.0,70,20.0,52.9,B Road
E046,N080,N052,13.5,70,24.0,51.8,B Road
E047,N009,N051,12.5,70,22.0,51.3,B Road
E048,N050,N051,8.5,70,15.0,51.4,B Road
E049,N001,N019,6.0,70,10.0,48.6,B Road
E050,N019,N020,6.5,70,12.0,53.6,B Road
E051,N020,N021,2.0,50,5.0,52.0,B Road
E052,N001,N022,5.0,70,9.0,52.4,B Road
E053,N022,N023,9.0,70,18.0,57.1,B Road
E054,N019,N023,8.0,70,15.0,54.3,Local Road
E055,N020,N023,7.0,70,14.0,57.1,Local Road
E056,N021,N038,2.5,70,6.0,64.3,B Road
E057,N028,N038,16.5,70,35.0,59.6,B Road
E058,N038,N039,5.5,70,12.0,60.7,Local Road
E059,N039,N019,10.0,70,22.0,61.0,Local Road
E060,N023,N024,12.5,70,25.0,57.1,Local Road
E061,N024,N013,8.5,70,18.0,59.5,Local Road
E062,N012,N031,4.0,70,10.0,65.7,Local Road
E063,N031,N024,6.5,70,15.0,62.9,Local Road
E064,N013,N032,6.0,70,12.0,57.1,B Road
E065,N032,N012,7.5,70,16.0,59.8,Local Road
E066,N015,N032,8.0,70,18.0,61.9,Local Road
E067,N031,N032,5.5,70,12.0,60.7,Local Road
E068,N014,N032,5.0,70,10.0,57.1,Local Road
E069,N024,N073,10.5,70,22.0,59.1,Local Road
E070,N073,N072,7.5,70,15.0,57.1,B Road
E071,N072,N060,14.0,70,25.0,52.0,A10 Highway
E072,N060,N071,3.5,70,8.0,62.5,Local Road
E073,N071,N070,4.0,70,9.0,61.9,Local Road
E074,N070,N015,5.5,70,12.0,60.7,Local Road
E075,N059,N070,6.0,70,15.0,65.7,Local Road
E076,N014,N068,4.0,70,9.0,61.9,Local Road
E077,N068,N069,3.5,70,8.0,62.5,Local Road
E078,N069,N070,3.0,70,7.0,63.3,Local Road
E079,N068,N073,9.0,70,18.0,57.1,Local Road
E080,N015,N066,2.5,70,6.0,64.3,A1
E081,N066,N067,3.0,70,7.0,63.3,B Road
E082,N067,N061,4.5,70,10.0,61.4,B Road
E083,N067,N076,12.5,70,25.0,57.1,B Road
E084,N076,N075,8.0,70,16.0,57.1,B Road
E085,N075,N062,10.0,70,20.0,57.1,B Road
E086,N061,N065,3.5,70,8.0,62.5,B Road
E087,N065,N064,2.0,50,5.0,52.0,B Road
E088,N064,N013,6.5,70,14.0,60.2,B Road
E089,N013,N087,5.5,70,12.0,60.7,Local Road
E090,N087,N088,3.0,70,7.0,63.3,Local Road
E091,N088,N013,2.5,70,6.0,64.3,Local Road
E092,N065,N089,2.0,50,5.0,52.0,Local Road
E093,N089,N063,4.0,70,9.0,61.9,Local Road
E094,N001,N026,4.0,70,8.0,57.1,Local Road
E095,N026,N019,3.5,70,7.0,57.1,Local Road
E096,N001,N025,3.0,70,6.0,57.1,Local Road
E097,N010,N025,2.5,70,5.0,57.1,Local Road
E098,N025,N011,4.5,70,9.0,57.1,Local Road
E099,N011,N045,3.0,70,6.0,57.1,Local Road
E100,N045,N022,4.5,70,9.0,57.1,Local Road
E101,N010,N045,3.5,70,7.0,57.1,Local Road
E102,N025,N045,5.0,70,10.0,57.1,Local Road
E103,N041,N034,4.5,70,10.0,61.4,Local Road
E104,N034,N026,5.5,70,12.0,60.7,Local Road
E105,N002,N034,5.0,70,11.0,61.0,Local Road
E106,N022,N026,3.0,70,6.0,57.1,Local Road
E107,N027,N037,4.0,70,8.0,57.1,Local Road
E108,N037,N004,3.5,70,7.0,57.1,Local Road
E109,N042,N037,4.5,70,9.0,57.1,Local Road
E110,N041,N037,5.5,70,11.0,57.1,Local Road
E111,N006,N029,6.0,70,12.0,57.1,B Road
E112,N027,N029,5.0,70,10.0,57.1,Local Road
E113,N043,N029,6.5,70,14.0,60.2,Local Road
E114,N007,N029,9.0,70,18.0,57.1,Local Road
E115,N008,N030,5.0,70,10.0,57.1,Local Road
E116,N009,N030,14.5,70,25.0,50.3,B Road
E117,N040,N001,3.5,70,7.0,57.1,Local Road
E118,N040,N019,4.5,70,9.0,57.1,Local Road
E119,N044,N001,2.5,70,5.0,57.1,Local Road
E120,N044,N002,3.0,70,6.0,57.1,Local Road
E121,N077,N004,5.5,70,12.0,60.7,Local Road
E122,N077,N027,4.5,70,10.0,61.4,Local Road
E123,N078,N017,4.0,70,9.0,61.9,Local Road
E124,N078,N016,6.0,70,13.0,60.4,Local Road
E125,N081,N080,7.5,70,15.0,57.1,B Road
E126,N081,N082,5.0,70,11.0,61.0,Local Road
E127,N082,N052,11.5,70,23.0,57.1,Local Road
E128,N082,N079,8.5,70,18.0,59.5,Local Road
E129,N046,N004,16.5,70,30.0,52.9,Local Road
E130,N016,N004,13.0,70,24.0,53.6,B Road
E131,N017,N004,8.5,70,16.0,54.5,Local Road
E132,N047,N007,15.5,70,28.0,52.6,B Road
E133,N051,N049,9.0,70,16.0,51.8,Local Road
E134,N050,N080,18.0,70,32.0,51.8,Local Road
E135,N008,N080,15.0,70,28.0,54.1,Local Road
E136,N030,N057,18.0,70,35.0,55.9,Local Road
E137,N029,N079,13.5,70,26.0,55.5,Local Road
E138,N058,N028,6.5,70,14.0,60.2,Local Road
E139,N056,N028,22.0,70,50.0,62.3,Local Road
E140,N038,N020,4.5,70,10.0,61.4,Local Road
E141,N033,N021,3.0,70,7.0,63.3,Local Road
E142,N033,N039,4.5,70,10.0,61.4,Local Road
E143,N033,N020,4.0,70,9.0,61.9,Local Road
E144,N021,N023,10.0,70,22.0,61.0,Local Road
E145,N023,N035,3.5,70,8.0,62.5,Local Road
E146,N035,N024,8.5,70,18.0,59.5,Local Road
E147,N023,N036,8.0,70,16.0,57.1,Local Road
E148,N036,N024,7.0,70,15.0,60.0,Local Road
E149,N011,N036,5.5,70,12.0,60.7,Local Road
E150,N012,N036,9.0,70,20.0,61.4,Local Road
E151,N073,N016,15.5,70,30.0,55.7,Local Road
E152,N073,N032,12.0,70,25.0,58.9,Local Road
E153,N031,N013,7.0,70,15.0,60.0,Local Road
E154,N064,N088,4.5,70,10.0,61.4,Local Road
E155,N065,N075,8.5,70,18.0,59.5,Local Road
E156,N063,N075,5.0,70,11.0,61.0,Local Road
E157,N062,N076,15.5,70,30.0,55.7,B Road
E158,N086,N074,3.0,70,7.0,63.3,Local Road
E159,N074,N061,4.5,70,10.0,61.4,Local Road
E160,N066,N059,7.0,70,16.0,62.5,A1
E161,N059,N067,9.0,70,20.0,61.4,B Road
E162,N060,N069,6.0,70,13.0,60.4,Local Road
E163,N072,N069,11.0,70,22.0,57.1,Local Road
E164,N059,N060,4.5,70,10.0,61.4,A1
E165,N015,N061,6.5,70,15.0,62.9,A1
E166,N061,N063,3.5,70,8.0,62.5,A1
E167,N063,N062,4.5,70,10.0,61.4,A1
E168,N062,N086,2.5,70,6.0,64.3,A1
E169,N004,N028,15.0,70,30.0,57.1,B Road
E170,N026,N011,6.0,70,13.0,60.4,Local Road
E171,N010,N036,8.5,70,18.0,59.5,Local Road
E172,N025,N020,9.0,70,20.0,61.4,Local Road
E173,N034,N019,7.5,70,16.0,59.8,Local Road
E174,N041,N027,8.0,70,18.0,61.9,Local Road
E175,N043,N037,5.0,70,11.0,61.0,Local Road
E176,N008,N029,11.0,70,23.0,59.0,Local Road
E177,N014,N075,14.5,70,30.0,58.6,Local Road
E178,N060,N015,10.5,70,24.0,62.5,A1
E179,N084,N092,10.0,70,16.0,46.4,A4 Highway
E180,N092,N093,8.0,70,12.0,42.9,A4 Highway
E181,N093,N091,15.0,70,22.0,41.6,A4 Highway
E182,N091,N090,11.0,70,18.0,47.6,A4 Highway
E183,N090,N094,18.0,70,26.0,40.7,A4 Highway
E184,N094,N097,12.0,70,17.0,39.5,A18 Highway
E185,N097,N098,16.0,70,24.0,42.9,A18 Highway
E186,N094,N095,20.0,70,30.0,42.9,A4 Highway
E187,N095,N096,15.0,70,20.0,35.7,A4 Highway
E188,N096,N174,22.0,70,33.0,42.9,A4 Highway
E189,N174,N173,15.0,70,25.0,48.6,A4 Highway
E190,N173,N172,18.0,70,28.0,44.9,A16 Highway
E191,N172,N171,10.0,70,18.0,52.4,A16 Highway
E192,N171,N170,30.0,70,45.0,42.9,A16 Highway
E193,N170,N175,25.0,70,40.0,46.4,A5 Highway
E194,N175,N116,28.0,70,45.0,46.7,A5 Highway
E195,N116,N117,16.0,70,28.0,51.0,A5 Highway
E196,N117,N118,12.0,70,20.0,48.6,A5 Highway
E197,N118,N062,18.0,70,30.0,48.6,A5 Highway
E198,N116,N114,8.0,70,15.0,54.3,A7 Highway
E199,N114,N113,20.0,70,35.0,51.0,A7 Highway
E200,N113,N112,8.0,70,12.0,42.9,A7 Highway
E201,N112,N108,12.0,70,20.0,48.6,A7 Highway
E202,N108,N105,18.0,70,30.0,48.6,A7 Highway
E203,N105,N104,22.0,70,35.0,46.1,A7 Highway
E204,N104,N054,14.0,70,22.0,45.5,A7 Highway
E205,N084,N127,45.0,70,65.0,40.7,B Road
E206,N127,N126,12.0,70,20.0,48.6,B Road
E207,N126,N128,15.0,70,25.0,48.6,B Road
E208,N128,N116,20.0,70,35.0,51.0,B Road
E209,N090,N101,15.0,70,25.0,48.6,B Road
E210,N101,N102,20.0,70,32.0,46.4,B Road
E211,N102,N103,16.0,70,28.0,51.0,B Road
E212,N108,N109,10.0,70,18.0,52.4,B Road
E213,N109,N110,8.0,70,14.0,51.0,B Road
E214,N110,N107,15.0,70,25.0,48.6,B Road
E215,N108,N106,12.0,70,22.0,53.2,B Road
E216,N106,N105,16.0,70,28.0,51.0,B Road
E217,N110,N111,14.0,70,24.0,50.0,B Road
E218,N062,N119,16.0,70,26.0,47.3,B Road
E219,N119,N120,6.0,70,10.0,48.6,A5 Highway
E220,N120,N118,12.0,70,20.0,48.6,A5 Highway
E221,N117,N121,15.0,70,25.0,48.6,B Road
E222,N121,N113,20.0,70,35.0,51.0,B Road
E223,N114,N115,5.0,70,10.0,57.1,Local Road
E224,N060,N136,25.0,70,40.0,46.4,A9 Highway
E225,N136,N137,8.0,70,15.0,54.3,B Road
E226,N137,N138,10.0,70,18.0,52.4,B Road
E227,N138,N060,12.0,70,20.0,48.6,B Road
E228,N136,N165,45.0,70,60.0,35.7,A9 Highway
E229,N165,N166,20.0,70,30.0,42.9,A6 Highway
E230,N166,N135,18.0,70,25.0,38.3,A6 Highway
E231,N135,N134,12.0,70,18.0,42.9,A6 Highway
E232,N134,N125,15.0,70,22.0,41.6,A6 Highway
E233,N125,N133,18.0,70,28.0,44.9,B Road
E234,N133,N132,15.0,70,25.0,48.6,B Road
E235,N125,N131,14.0,70,22.0,45.5,A10 Highway
E236,N131,N072,12.0,70,20.0,48.6,A10 Highway
E237,N125,N126,18.0,70,28.0,44.9,A28 Highway
E238,N127,N129,12.0,70,20.0,48.6,B Road
E239,N129,N128,20.0,70,32.0,46.4,B Road
E240,N127,N130,16.0,70,26.0,47.3,B Road
E241,N130,N046,25.0,70,40.0,46.4,B Road
E242,N046,N125,20.0,70,32.0,46.4,A6 Highway
E243,N050,N150,8.0,70,12.0,42.9,A1
E244,N150,N151,10.0,70,15.0,42.9,A1
E245,N151,N152,14.0,70,22.0,45.5,A1
E246,N150,N153,10.0,70,16.0,46.4,B Road
E247,N153,N154,12.0,70,20.0,48.6,B Road
E248,N151,N155,5.0,70,10.0,57.1,B Road
E249,N150,N156,8.0,70,15.0,54.3,Local Road
E250,N156,N157,6.0,70,12.0,57.1,Local Road
E251,N157,N051,20.0,70,35.0,51.0,B Road
E252,N047,N158,12.0,70,18.0,42.9,A6 Highway
E253,N158,N009,15.0,70,25.0,48.6,B Road
E254,N131,N159,8.0,70,14.0,51.0,A10 Highway
E255,N159,N072,6.0,70,12.0,57.1,A10 Highway
E256,N134,N160,10.0,70,18.0,52.4,Local Road
E257,N160,N125,12.0,70,20.0,48.6,Local Road
E258,N125,N161,28.0,70,42.0,42.9,A10 Highway
E259,N161,N162,18.0,70,28.0,44.9,B Road
E260,N161,N163,25.0,70,38.0,43.6,A10 Highway
E261,N161,N164,15.0,70,25.0,48.6,Local Road
E262,N165,N167,30.0,70,45.0,42.9,A9 Highway
E263,N167,N168,40.0,70,60.0,42.9,A9 Highway
E264,N148,N169,45.0,70,70.0,44.9,A5 Highway
E265,N169,N170,40.0,70,65.0,47.3,A5 Highway
E266,N059,N143,10.0,70,20.0,57.1,A26 Highway
E267,N143,N142,6.0,70,12.0,57.1,A26 Highway
E268,N142,N144,4.0,70,8.0,57.1,A26 Highway
E269,N144,N141,8.0,70,15.0,54.3,A26 Highway
E270,N141,N145,20.0,70,35.0,51.0,A26 Highway
E271,N145,N146,15.0,70,25.0,48.6,A26 Highway
E272,N146,N147,30.0,70,50.0,48.6,A26 Highway
E273,N147,N148,12.0,70,20.0,48.6,A26 Highway
E274,N148,N149,15.0,70,25.0,48.6,A26 Highway
E275,N143,N139,12.0,70,22.0,53.2,B Road
E276,N139,N140,4.0,70,8.0,57.1,B Road
E277,N140,N138,6.0,70,12.0,57.1,B Road
E278,N098,N099,22.0,70,35.0,46.1,A17 Highway
E279,N099,N100,25.0,70,40.0,46.4,A17 Highway
E280,N083,N162,60.0,70,90.0,42.9,B Road
E281,N154,N132,55.0,70,85.0,44.5,B Road
E282,N070,N138,18.0,70,32.0,51.8,Local Road
E283,N145,N122,25.0,70,45.0,52.4,B Road
E284,N122,N123,10.0,70,18.0,52.4,B Road
E285,N123,N124,15.0,70,25.0,48.6,B Road
E286,N124,N116,28.0,70,48.0,50.0,B Road
E287,N146,N169,45.0,70,75.0,48.6,Local Road
E288,N169,N175,35.0,70,55.0,45.5,A5 Highway
E289,N096,N170,45.0,70,70.0,44.9,B Road
E290,N170,N173,35.0,70,55.0,45.5,A4 Highway
E291,N094,N101,22.0,70,35.0,46.1,B Road
E292,N101,N099,30.0,70,48.0,46.4,B Road
E293,N097,N100,28.0,70,45.0,46.7,B Road
E294,N103,N107,35.0,70,55.0,45.5,B Road
E295,N102,N100,40.0,70,65.0,47.3,B Road
E296,N107,N111,20.0,70,35.0,51.0,B Road
E297,N112,N119,30.0,70,50.0,48.6,B Road
E298,N105,N119,22.0,70,38.0,50.4,B Road
E299,N054,N105,25.0,70,40.0,46.4,A7 Highway
E300,N084,N103,30.0,70,50.0,48.6,B Road
E301,N056,N108,35.0,70,60.0,50.0,Local Road
E302,N055,N083,18.0,70,30.0,48.6,A7 Highway
E303,N052,N158,35.0,70,55.0,45.5,B Road
E304,N028,N104,25.0,70,45.0,52.4,B Road
E305,N021,N119,30.0,70,50.0,48.6,B Road
E306,N023,N062,22.0,70,40.0,52.9,B Road
E307,N012,N072,20.0,70,35.0,51.0,B Road
E308,N016,N125,35.0,70,55.0,45.5,B Road
E309,N004,N125,40.0,70,60.0,42.9,B Road
E310,N130,N153,30.0,70,48.0,46.4,B Road
E311,N047,N127,15.0,70,25.0,48.6,B Road
E312,N127,N154,28.0,70,45.0,46.7,B Road
E313,N129,N158,35.0,70,55.0,45.5,B Road
E314,N051,N129,25.0,70,40.0,46.4,B Road
E315,N150,N157,12.0,70,20.0,48.6,Local Road
E316,N157,N162,35.0,70,55.0,45.5,B Road
E317,N162,N128,25.0,70,40.0,46.4,B Road
E318,N128,N161,28.0,70,45.0,46.7,B Road
E319,N164,N163,22.0,70,35.0,46.1,Local Road
E320,N163,N166,45.0,70,70.0,44.9,B Road
E321,N166,N167,30.0,70,48.0,46.4,A9 Highway
E322,N165,N139,35.0,70,55.0,45.5,B Road
E323,N139,N132,25.0,70,40.0,46.4,B Road
E324,N133,N134,18.0,70,28.0,44.9,B Road
E325,N134,N131,22.0,70,35.0,46.1,A6 Highway
E326,N131,N073,20.0,70,32.0,46.4,B Road
E327,N073,N138,25.0,70,40.0,46.4,B Road
E328,N138,N141,30.0,70,48.0,46.4,B Road
E329,N141,N149,40.0,70,65.0,47.3,B Road
E330,N149,N169,45.0,70,70.0,44.9,B Road
E331,N169,N171,40.0,70,65.0,47.3,B Road
E332,N171,N175,35.0,70,55.0,45.5,B Road
E333,N175,N124,30.0,70,48.0,46.4,B Road
E334,N124,N117,25.0,70,40.0,46.4,B Road
E335,N117,N120,20.0,70,32.0,46.4,B Road
E336,N120,N112,28.0,70,45.0,46.7,B Road
E337,N112,N105,25.0,70,40.0,46.4,A7 Highway
E338,N105,N090,45.0,70,75.0,48.6,B Road
E339,N090,N095,38.0,70,60.0,45.7,A4 Highway
E340,N095,N172,40.0,70,65.0,47.3,B Road
E341,N172,N116,50.0,70,80.0,46.4,B Road
E342,N116,N148,65.0,70,105.0,46.9,B Road
E343,N148,N165,70.0,70,110.0,45.5,B Road
E344,N165,N161,55.0,70,85.0,44.5,B Road
E345,N161,N126,35.0,70,55.0,45.5,B Road
E346,N126,N153,40.0,70,65.0,47.3,B Road
E347,N153,N048,25.0,70,40.0,46.4,B Road
