NodeID,LocationName,RoadOrArea
N0001,N0001,Synthetic
N0002,N0002,Synthetic
N0003,N0003,Synthetic
N0004,N0004,Synthetic
N0005,N0005,Synthetic
N0006,N0006,Synthetic
N0007,N0007,Synthetic
N0008,N0008,Synthetic
N0009,N0009,Synthetic
N0010,N0010,Synthetic
N0011,N0011,Synthetic
N0012,N0012,Synthetic
N0013,N0013,Synthetic
N0014,N0014,Synthetic
N0015,N0015,Synthetic
N0016,N0016,Synthetic
N0017,N0017,Synthetic
N0018,N0018,Synthetic
N0019,N0019,Synthetic
N0020,N0020,Synthetic
N0021,N0021,Synthetic
N0022,N0022,Synthetic
N0023,N0023,Synthetic
N0024,N0024,Synthetic
N0025,N0025,Synthetic
N0026,N0026,Synthetic
N0027,N0027,Synthetic
N0028,N0028,Synthetic
N0029,N0029,Synthetic
N0030,N0030,Synthetic
N0031,N0031,Synthetic
N0032,N0032,Synthetic
N0033,N0033,Synthetic
N0034,N0034,Synthetic
N0035,N0035,Synthetic
N0036,N0036,Synthetic
N0037,N0037,Synthetic
N0038,N0038,Synthetic
N0039,N0039,Synthetic
N0040,N0040,Synthetic
N0041,N0041,Synthetic
N0042,N0042,Synthetic
N0043,N0043,Synthetic
N0044,N0044,Synthetic
N0045,N0045,Synthetic
N0046,N0046,Synthetic
N0047,N0047,Synthetic
N0048,N0048,Synthetic
N0049,N0049,Synthetic
N0050,N0050,Synthetic
N0051,N0051,Synthetic
N0052,N0052,Synthetic
N0053,N0053,Synthetic
N0054,N0054,Synthetic
N0055,N0055,Synthetic
N0056,N0056,Synthetic
N0057,N0057,Synthetic
N0058,N0058,Synthetic
N0059,N0059,Synthetic
N0060,N0060,Synthetic
N0061,N0061,Synthetic
N0062,N0062,Synthetic
N0063,N0063,Synthetic
N0064,N0064,Synthetic
N0065,N0065,Synthetic
N0066,N0066,Synthetic
N0067,N0067,Synthetic
N0068,N0068,Synthetic
N0069,N0069,Synthetic
N0070,N0070,Synthetic
N0071,N0071,Synthetic
N0072,N0072,Synthetic
N0073,N0073,Synthetic
N0074,N0074,Synthetic
N0075,N0075,Synthetic
N0076,N0076,Synthetic
N0077,N0077,Synthetic
N0078,N0078,Synthetic
N0079,N0079,Synthetic
N0080,N0080,Synthetic
N0081,N0081,Synthetic
N0082,N0082,Synthetic
N0083,N0083,Synthetic
N0084,N0084,Synthetic
N0085,N0085,Synthetic
N0086,N0086,Synthetic
N0087,N0087,Synthetic
N0088,N0088,Synthetic
N0089,N0089,Synthetic
N0090,N0090,Synthetic
N0091,N0091,Synthetic
N0092,N0092,Synthetic
N0093,N0093,Synthetic
N0094,N0094,Synthetic
N0095,N0095,Synthetic
N0096,N0096,Synthetic
N0097,N0097,Synthetic
N0098,N0098,Synthetic
N0099,N0099,Synthetic
N0100,N0100,Synthetic
N0101,N0101,Synthetic
N0102,N0102,Synthetic
N0103,N0103,Synthetic
N0104,N0104,Synthetic
N0105,N0105,Synthetic
N0106,N0106,Synthetic
N0107,N0107,Synthetic
N0108,N0108,Synthetic
N0109,N0109,Synthetic
N0110,N0110,Synthetic
N0111,N0111,Synthetic
N0112,N0112,Synthetic
N0113,N0113,Synthetic
N0114,N0114,Synthetic
N0115,N0115,Synthetic
N0116,N0116,Synthetic
N0117,N0117,Synthetic
N0118,N0118,Synthetic
N0119,N0119,Synthetic
N0120,N0120,Synthetic
N0121,N0121,Synthetic
N0122,N0122,Synthetic
N0123,N0123,Synthetic
N0124,N0124,Synthetic
N0125,N0125,Synthetic
N0126,N0126,Synthetic
N0127,N0127,Synthetic
N0128,N0128,Synthetic
N0129,N0129,Synthetic
N0130,N0130,Synthetic
N0131,N0131,Synthetic
N0132,N0132,Synthetic
N0133,N0133,Synthetic
N0134,N0134,Synthetic
N0135,N0135,Synthetic
N0136,N0136,Synthetic
N0137,N0137,Synthetic
N0138,N0138,Synthetic
N0139,N0139,Synthetic
N0140,N0140,Synthetic
N0141,N0141,Synthetic
N0142,N0142,Synthetic
N0143,N0143,Synthetic
N0144,N0144,Synthetic
N0145,N0145,Synthetic
N0146,N0146,Synthetic
N0147,N0147,Synthetic
N0148,N0148,Synthetic
N0149,N0149,Synthetic
N0150,N0150,Synthetic
N0151,N0151,Synthetic
N0152,N0152,Synthetic
N0153,N0153,Synthetic
N0154,N0154,Synthetic
N0155,N0155,Synthetic
N0156,N0156,Synthetic
N0157,N0157,Synthetic
N0158,N0158,Synthetic
N0159,N0159,Synthetic
N0160,N0160,Synthetic
N0161,N0161,Synthetic
N0162,N0162,Synthetic
N0163,N0163,Synthetic
N0164,N0164,Synthetic
N0165,N0165,Synthetic
N0166,N0166,Synthetic
N0167,N0167,Synthetic
N0168,N0168,Synthetic
N0169,N0169,Synthetic
N0170,N0170,Synthetic
N0171,N0171,Synthetic
N0172,N0172,Synthetic
N0173,N0173,Synthetic
N0174,N0174,Synthetic
N0175,N0175,Synthetic
N0176,N0176,Synthetic
N0177,N0177,Synthetic
N0178,N0178,Synthetic
N0179,N0179,Synthetic
N0180,N0180,Synthetic
N0181,N0181,Synthetic
N0182,N0182,Synthetic
N0183,N0183,Synthetic
N0184,N0184,Synthetic
N0185,N0185,Synthetic
N0186,N0186,Synthetic
N0187,N0187,Synthetic
N0188,N0188,Synthetic
N0189,N0189,Synthetic
N0190,N0190,Synthetic
N0191,N0191,Synthetic
N0192,N0192,Synthetic
N0193,N0193,Synthetic
N0194,N0194,Synthetic
N0195,N0195,Synthetic
N0196,N0196,Synthetic
N0197,N0197,Synthetic
N0198,N0198,Synthetic
N0199,N0199,Synthetic
N0200,N0200,Synthetic
N0201,N0201,Synthetic
N0202,N0202,Synthetic
N0203,N0203,Synthetic
N0204,N0204,Synthetic
N0205,N0205,Synthetic
N0206,N0206,Synthetic
N0207,N0207,Synthetic
N0208,N0208,Synthetic
N0209,N0209,Synthetic
N0210,N0210,Synthetic
N0211,N0211,Synthetic
N0212,N0212,Synthetic
N0213,N0213,Synthetic
N0214,N0214,Synthetic
N0215,N0215,Synthetic
N0216,N0216,Synthetic
N0217,N0217,Synthetic
N0218,N0218,Synthetic
N0219,N0219,Synthetic
N0220,N0220,Synthetic
N0221,N0221,Synthetic
N0222,N0222,Synthetic
N0223,N0223,Synthetic
N0224,N0224,Synthetic
N0225,N0225,Synthetic
N0226,N0226,Synthetic
N0227,N0227,Synthetic
N0228,N0228,Synthetic
N0229,N0229,Synthetic
N0230,N0230,Synthetic
N0231,N0231,Synthetic
N0232,N0232,Synthetic
N0233,N0233,Synthetic
N0234,N0234,Synthetic
N0235,N0235,Synthetic
N0236,N0236,Synthetic
N0237,N0237,Synthetic
N0238,N0238,Synthetic
N0239,N0239,Synthetic
N0240,N0240,Synthetic
N0241,N0241,Synthetic
N0242,N0242,Synthetic
N0243,N0243,Synthetic
N0244,N0244,Synthetic
N0245,N0245,Synthetic
N0246,N0246,Synthetic
N0247,N0247,Synthetic
N0248,N0248,Synthetic
N0249,N0249,Synthetic
N0250,N0250,Synthetic
N0251,N0251,Synthetic
N0252,N0252,Synthetic
N0253,N0253,Synthetic
N0254,N0254,Synthetic
N0255,N0255,Synthetic
N0256,N0256,Synthetic
N0257,N0257,Synthetic
N0258,N0258,Synthetic
N0259,N0259,Synthetic
N0260,N0260,Synthetic
N0261,N0261,Synthetic
N0262,N0262,Synthetic
N0263,N0263,Synthetic
N0264,N0264,Synthetic
N0265,N0265,Synthetic
N0266,N0266,Synthetic
N0267,N0267,Synthetic
N0268,N0268,Synthetic
N0269,N0269,Synthetic
N0270,N0270,Synthetic
N0271,N0271,Synthetic
N0272,N0272,Synthetic
N0273,N0273,Synthetic
N0274,N0274,Synthetic
N0275,N0275,Synthetic
N0276,N0276,Synthetic
N0277,N0277,Synthetic
N0278,N0278,Synthetic
N0279,N0279,Synthetic
N0280,N0280,Synthetic
N0281,N0281,Synthetic
N0282,N0282,Synthetic
N0283,N0283,Synthetic
N0284,N0284,Synthetic
N0285,N0285,Synthetic
N0286,N0286,Synthetic
N0287,N0287,Synthetic
N0288,N0288,Synthetic
N0289,N0289,Synthetic
N0290,N0290,Synthetic
N0291,N0291,Synthetic
N0292,N0292,Synthetic
N0293,N0293,Synthetic
N0294,N0294,Synthetic
N0295,N0295,Synthetic
N0296,N0296,Synthetic
N0297,N0297,Synthetic
N0298,N0298,Synthetic
N0299,N0299,Synthetic
N0300,N0300,Synthetic
N0301,N0301,Synthetic
N0302,N0302,Synthetic
N0303,N0303,Synthetic
N0304,N0304,Synthetic
N0305,N0305,Synthetic
N0306,N0306,Synthetic
N0307,N0307,Synthetic
N0308,N0308,Synthetic
N0309,N0309,Synthetic
N0310,N0310,Synthetic
N0311,N0311,Synthetic
N0312,N0312,Synthetic
N0313,N0313,Synthetic
N0314,N0314,Synthetic
N0315,N0315,Synthetic
N0316,N0316,Synthetic
N0317,N0317,Synthetic
N0318,N0318,Synthetic
N0319,N0319,Synthetic
N0320,N0320,Synthetic
N0321,N0321,Synthetic
N0322,N0322,Synthetic
N0323,N0323,Synthetic
N0324,N0324,Synthetic
N0325,N0325,Synthetic
N0326,N0326,Synthetic
N0327,N0327,Synthetic
N0328,N0328,Synthetic
N0329,N0329,Synthetic
N0330,N0330,Synthetic
N0331,N0331,Synthetic
N0332,N0332,Synthetic
N0333,N0333,Synthetic
N0334,N0334,Synthetic
N0335,N0335,Synthetic
N0336,N0336,Synthetic
N0337,N0337,Synthetic
N0338,N0338,Synthetic
N0339,N0339,Synthetic
N0340,N0340,Synthetic
N0341,N0341,Synthetic
N0342,N0342,Synthetic
N0343,N0343,Synthetic
N0344,N0344,Synthetic
N0345,N0345,Synthetic
N0346,N0346,Synthetic
N0347,N0347,Synthetic
N0348,N0348,Synthetic
N0349,N0349,Synthetic
N0350,N0350,Synthetic
N0351,N0351,Synthetic
N0352,N0352,Synthetic
N0353,N0353,Synthetic
N0354,N0354,Synthetic
N0355,N0355,Synthetic
N0356,N0356,Synthetic
N0357,N0357,Synthetic
N0358,N0358,Synthetic
N0359,N0359,Synthetic
N0360,N0360,Synthetic
N0361,N0361,Synthetic
N0362,N0362,Synthetic
N0363,N0363,Synthetic
N0364,N0364,Synthetic
N0365,N0365,Synthetic
N0366,N0366,Synthetic
N0367,N0367,Synthetic
N0368,N0368,Synthetic
N0369,N0369,Synthetic
N0370,N0370,Synthetic
N0371,N0371,Synthetic
N0372,N0372,Synthetic
N0373,N0373,Synthetic
N0374,N0374,Synthetic
N0375,N0375,Synthetic
N0376,N0376,Synthetic
N0377,N0377,Synthetic
N0378,N0378,Synthetic
N0379,N0379,Synthetic
N0380,N0380,Synthetic
N0381,N0381,Synthetic
N0382,N0382,Synthetic
N0383,N0383,Synthetic
N0384,N0384,Synthetic
N0385,N0385,Synthetic
N0386,N0386,Synthetic
N0387,N0387,Synthetic
N0388,N0388,Synthetic
N0389,N0389,Synthetic
N0390,N0390,Synthetic
N0391,N0391,Synthetic
N0392,N0392,Synthetic
N0393,N0393,Synthetic
N0394,N0394,Synthetic
N0395,N0395,Synthetic
N0396,N0396,Synthetic
N0397,N0397,Synthetic
N0398,N0398,Synthetic
N0399,N0399,Synthetic
N0400,N0400,Synthetic
N0401,N0401,Synthetic
N0402,N0402,Synthetic
N0403,N0403,Synthetic
N0404,N0404,Synthetic
N0405,N0405,Synthetic
N0406,N0406,Synthetic
N0407,N0407,Synthetic
N0408,N0408,Synthetic
N0409,N0409,Synthetic
N0410,N0410,Synthetic
N0411,N0411,Synthetic
N0412,N0412,Synthetic
N0413,N0413,Synthetic
N0414,N0414,Synthetic
N0415,N0415,Synthetic
N0416,N0416,Synthetic
N0417,N0417,Synthetic
N0418,N0418,Synthetic
N0419,N0419,Synthetic
N0420,N0420,Synthetic
N0421,N0421,Synthetic
N0422,N0422,Synthetic
N0423,N0423,Synthetic
N0424,N0424,Synthetic
N0425,N0425,Synthetic
N0426,N0426,Synthetic
N0427,N0427,Synthetic
N0428,N0428,Synthetic
N0429,N0429,Synthetic
N0430,N0430,Synthetic
N0431,N0431,Synthetic
N0432,N0432,Synthetic
N0433,N0433,Synthetic
N0434,N0434,Synthetic
N0435,N0435,Synthetic
N0436,N0436,Synthetic
N0437,N0437,Synthetic
N0438,N0438,Synthetic
N0439,N0439,Synthetic
N0440,N0440,Synthetic
N0441,N0441,Synthetic
N0442,N0442,Synthetic
N0443,N0443,Synthetic
N0444,N0444,Synthetic
N0445,N0445,Synthetic
N0446,N0446,Synthetic
N0447,N0447,Synthetic
N0448,N0448,Synthetic
N0449,N0449,Synthetic
N0450,N0450,Synthetic
N0451,N0451,Synthetic
N0452,N0452,Synthetic
N0453,N0453,Synthetic
N0454,N0454,Synthetic
N0455,N0455,Synthetic
N0456,N0456,Synthetic
N0457,N0457,Synthetic
N0458,N0458,Synthetic
N0459,N0459,Synthetic
N0460,N0460,Synthetic
N0461,N0461,Synthetic
N0462,N0462,Synthetic
N0463,N0463,Synthetic
N0464,N0464,Synthetic
N0465,N0465,Synthetic
N0466,N0466,Synthetic
N0467,N0467,Synthetic
N0468,N0468,Synthetic
N0469,N0469,Synthetic
N0470,N0470,Synthetic
N0471,N0471,Synthetic
N0472,N0472,Synthetic
N0473,N0473,Synthetic
N0474,N0474,Synthetic
N0475,N0475,Synthetic
N0476,N0476,Synthetic
N0477,N0477,Synthetic
N0478,N0478,Synthetic
N0479,N0479,Synthetic
N0480,N0480,Synthetic
N0481,N0481,Synthetic
N0482,N0482,Synthetic
N0483,N0483,Synthetic
N0484,N0484,Synthetic
N0485,N0485,Synthetic
N0486,N0486,Synthetic
N0487,N0487,Synthetic
N0488,N0488,Synthetic
N0489,N0489,Synthetic
N0490,N0490,Synthetic
N0491,N0491,Synthetic
N0492,N0492,Synthetic
N0493,N0493,Synthetic
N0494,N0494,Synthetic
N0495,N0495,Synthetic
N0496,N0496,Synthetic
N0497,N0497,Synthetic
N0498,N0498,Synthetic
N0499,N0499,Synthetic
N0500,N0500,Synthetic
N0501,N0501,Synthetic
N0502,N0502,Synthetic
N0503,N0503,Synthetic
N0504,N0504,Synthetic
N0505,N0505,Synthetic
N0506,N0506,Synthetic
N0507,N0507,Synthetic
N0508,N0508,Synthetic
N0509,N0509,Synthetic
N0510,N0510,Synthetic
N0511,N0511,Synthetic
N0512,N0512,Synthetic
N0513,N0513,Synthetic
N0514,N0514,Synthetic
N0515,N0515,Synthetic
N0516,N0516,Synthetic
N0517,N0517,Synthetic
N0518,N0518,Synthetic
N0519,N0519,Synthetic
N0520,N0520,Synthetic
N0521,N0521,Synthetic
N0522,N0522,Synthetic
N0523,N0523,Synthetic
N0524,N0524,Synthetic
N0525,N0525,Synthetic
N0526,N0526,Synthetic
N0527,N0527,Synthetic
N0528,N0528,Synthetic
N0529,N0529,Synthetic
N0530,N0530,Synthetic
N0531,N0531,Synthetic
N0532,N0532,Synthetic
N0533,N0533,Synthetic
N0534,N0534,Synthetic
N0535,N0535,Synthetic
N0536,N0536,Synthetic
N0537,N0537,Synthetic
N0538,N0538,Synthetic
N0539,N0539,Synthetic
N0540,N0540,Synthetic
N0541,N0541,Synthetic
N0542,N0542,Synthetic
N0543,N0543,Synthetic
N0544,N0544,Synthetic
N0545,N0545,Synthetic
N0546,N0546,Synthetic
N0547,N0547,Synthetic
N0548,N0548,Synthetic
N0549,N0549,Synthetic
N0550,N0550,Synthetic
N0551,N0551,Synthetic
N0552,N0552,Synthetic
N0553,N0553,Synthetic
N0554,N0554,Synthetic
N0555,N0555,Synthetic
N0556,N0556,Synthetic
N0557,N0557,Synthetic
N0558,N0558,Synthetic
N0559,N0559,Synthetic
N0560,N0560,Synthetic
N0561,N0561,Synthetic
N0562,N0562,Synthetic
N0563,N0563,Synthetic
N0564,N0564,Synthetic
N0565,N0565,Synthetic
N0566,N0566,Synthetic
N0567,N0567,Synthetic
N0568,N0568,Synthetic
N0569,N0569,Synthetic
N0570,N0570,Synthetic
N0571,N0571,Synthetic
N0572,N0572,Synthetic
N0573,N0573,Synthetic
N0574,N0574,Synthetic
N0575,N0575,Synthetic
N0576,N0576,Synthetic
N0577,N0577,Synthetic
N0578,N0578,Synthetic
N0579,N0579,Synthetic
N0580,N0580,Synthetic
N0581,N0581,Synthetic
N0582,N0582,Synthetic
N0583,N0583,Synthetic
N0584,N0584,Synthetic
N0585,N0585,Synthetic
N0586,N0586,Synthetic
N0587,N0587,Synthetic
N0588,N0588,Synthetic
N0589,N0589,Synthetic
N0590,N0590,Synthetic
N0591,N0591,Synthetic
N0592,N0592,Synthetic
N0593,N0593,Synthetic
N0594,N0594,Synthetic
N0595,N0595,Synthetic
N0596,N0596,Synthetic
N0597,N0597,Synthetic
N0598,N0598,Synthetic
N0599,N0599,Synthetic
N0600,N0600,Synthetic
