NodeID,Location,RoadType
N01,Mawanella,A1 Highway
N02,Beligammana,A1
N03,Karandupona,A1
N04,Kegalle,A1
N05,Ranwala,A1
N06,Galigamuwa,A1
N07,Nelundeniya,A1
N08,Tholangamuwa,A1
N09,Warakapola,A1
N10,Hingula,A1
N11,Ganethenna,A1
N12,Kadugannawa,A1
N13,Pilimathalawa,A1
N14,Kiribathkumbura,A1
N15,Peradeniya,A1
N16,Rambukkana,B385
N17,Pinnawala,B199
N18,Hiriwadunna,B385
N19,Ussapitiya,B278
N20,Dippitiya,B278
N21,Aranayake,B278
N22,Danagama,B279
N23,Hemmathagama,B279
N24,Poththapitiya,Local Road
N25,Aluthnuwara,Local Road
N26,Ambulugala,Local Road
N27,Hettimulla,B181
N28,Bulathkohupitiya,B67
N29,Moronthota,B314
N30,Dedigama,B104
N31,Balana,Local Road
N32,Danthure,B110
N33,Hathgampola,Local Road
N34,Makehelwala,Local Road
N35,Galdola,Local Road
N36,Kehelpannala,Local Road
N37,Ambanpitiya,Local Road
N38,Ruwandeniya,B278
N39,Asupini Ella,Local Road
N40,Randiwela,Local Road
N41,Uyanwatta,A1
N42,Molagoda,A1
N43,Mangalagama,A1
N44,Eraminigammana,Local Road
N45,Bathgoda,Local Road
